imdbId,Random Val
1764651,0.402976661
371257,0.570561809
365737,0.750284488
486578,0.551546635
1104001,0.799011928
1710396,0.338783133
92745,0.182883094
2048770,0.435860701
5662106,0.723658196
3967856,0.906948952
775529,0.278205274
1772925,0.255054708
496325,0.635282073
2239832,0.229335531
2302755,0.302333733
2720680,0.421730606
1263750,0.350746606
2390361,0.184142355
1179025,0.436366809
1465487,0.55337084
1194417,0.871200583
1071875,0.891201168
64349,0.275472305
2527336,0.632195266
901487,0.988945252
1690953,0.748025972
406816,0.232073131
1000771,0.168043092
1727770,0.443097611
1245526,0.95424593
848228,0.759249643
458525,0.095716281
420238,0.09756744
19777,0.695878515
1039652,0.724729604
1667889,0.783703912
4769836,0.746008738
1074638,0.903080843
2265171,0.252248846
857265,0.81923415
934706,0.296216253
1808482,0.547339626
1615147,0.490648125
443649,0.486789087
307076,0.234782018
393596,0.538876774
430357,0.84374315
285627,0.691824342
399295,0.814842683
2347134,0.229966655
382992,0.047733801
4270878,0.160398693
1510934,0.097638579
1185266,0.692127064
980970,0.158252943
1185834,0.282709894
2140577,0.659925824
2103217,0.762400346
985694,0.292063721
118528,0.95384432
1355683,0.760185635
487132,0.156670872
1276121,0.207617843
249131,0.229468737
2369135,0.477332459
386342,0.298643419
4176776,0.754608852
1226753,0.834683025
892782,0.263675771
1028532,0.993574821
409459,0.105744551
1013743,0.627045411
942385,0.386900979
298296,0.307921835
1711425,0.054064701
479143,0.747664552
3042408,0.165194045
1323045,0.207659357
362120,0.792233094
401729,0.153322258
3723996,0.304323023
1467304,0.438974014
960890,0.312100166
3659388,0.232275172
1477076,0.724284423
770802,0.792858748
95312,0.996425242
417,0.989598262
828154,0.019511561
414852,0.268129678
1954701,0.570260188
277909,0.485915934
100409,0.622620558
1423894,0.151765881
446755,0.225779502
1121931,0.195142162
822818,0.568732912
1462758,0.665505358
2023690,0.560629905
1320244,0.283257287
454824,0.95680553
1714206,0.078368146
887912,0.215029124
1057500,0.283257689
1503646,0.881468263
473434,0.956829827
3327994,0.416391892
387736,0.263591577
2404299,0.820020045
955308,0.489484204
409847,0.669741539
1061123,0.618073723
798722,0.835630468
58652,0.375635157
2008513,0.067079911
808510,0.58835502
465580,0.240940029
1680019,0.282032805
1007029,0.145368312
2265534,0.472871712
1050160,0.828968081
103961,0.782239019
457572,0.993262197
351283,0.25459474
1527788,0.207113609
897361,0.871967273
398808,0.199461705
1883180,0.76880744
451094,0.036311019
1046163,0.748119097
1179904,0.203375552
1650554,0.62876476
2404463,0.341780512
59550,0.542164106
5013056,0.829976686
1424381,0.703087627
1691917,0.966523655
1124388,0.513005686
2582496,0.615782219
402057,0.031606219
415679,0.49971896
2968804,0.317063364
55198,0.980730135
1121096,0.485702838
450405,0.613363963
2290553,0.822978867
2375605,0.193471346
435705,0.697727133
2548396,0.565642526
1320261,0.173272613
64265,0.660238793
1365050,0.171422694
3793788,0.023698674
1727776,0.424599692
92571,0.379408798
7349662,0.340726804
3195644,0.689222607
486585,0.163136055
1731701,0.981419693
423169,0.921775809
5950978,0.869650785
398563,0.038602283
1017460,0.838745553
371724,0.38690094
1254947,0.38790476
379865,0.852987978
117880,0.219551356
1512201,0.498309629
1512235,0.063421163
1506999,0.619641918
475355,0.001796883
2358925,0.696623417
2024469,0.962132027
3139086,0.613911295
1258972,0.665828757
758758,0.488806722
343663,0.257535753
1588173,0.005423144
1621444,0.025117406
246645,0.677073526
2582846,0.667973483
942384,0.592447909
1588334,0.251514908
851578,0.220049792
1152758,0.582705067
1985966,0.15974889
436689,0.662568919
1242460,0.434699213
118460,0.468939909
380510,0.452732102
3300542,0.298797504
2692904,0.144274309
2034031,0.131542881
3837196,0.998245561
211729,0.129863255
397044,0.93028511
455407,0.288808041
822832,0.90854532
3454574,0.415792286
1046173,0.547362271
1305806,0.352554736
462338,0.604869013
421994,0.278831076
485851,0.512881338
1592873,0.693498942
73260,0.841483681
2403021,0.714569565
1872818,0.152431839
453047,0.003250747
1408101,0.955521923
3469518,0.837602593
64714,0.687977149
2823054,0.938643462
449089,0.355657431
804555,0.261938533
1402488,0.075578875
4062536,0.40867116
185481,0.638130083
457400,0.524134748
1619277,0.32689085
1231583,0.179732208
1234654,0.825148409
1986843,0.381353467
1270798,0.110316497
457510,0.362627149
435706,0.641247972
2039393,0.604351216
1315981,0.280941268
435625,0.211999608
6649108,0.654326541
861689,0.705490469
189195,0.113945091
200809,0.974673578
327698,0.524739867
1313104,0.487624937
1355644,0.603351145
57697,0.891909784
1609479,0.642683826
3416828,0.359509004
2061702,0.390950983
401383,0.037311246
448011,0.809142176
4285496,0.206719289
1155076,0.442268221
1347439,0.455844507
1182345,0.131382453
1194173,0.064365606
57318,0.35480568
396171,0.951501013
467200,0.533529836
3014666,0.115138536
419294,0.220973204
4126340,0.841722596
273646,0.229001973
376108,0.400235557
1566648,0.909317674
762107,0.41140261
455944,0.797374002
4651410,0.881211602
383353,0.479735728
459944,0.133596439
1723121,0.778310921
1661199,0.44089317
2140479,0.565944334
4778988,0.937716954
4284010,0.841731518
423409,0.557596627
2004420,0.704376166
2250912,0.129053124
795368,0.540589256
1045778,0.760812637
1925431,0.905573854
6359956,0.466689873
2262227,0.938720786
2065968,0.510849295
90206,0.004875912
800069,0.48071374
59320,0.059557204
2808986,0.734436655
3273632,0.033608447
120240,0.352573857
293564,0.003605856
1129423,0.969415649
2036416,0.035439535
3703750,0.427502094
3464902,0.874738671
2105044,0.805937318
464154,0.726104059
1190722,0.281478441
417433,0.175771122
765120,0.978662515
1462769,0.445103649
387131,0.732777608
22002,0.848633057
862766,0.599175308
3067274,0.69372342
1478338,0.650560039
497116,0.869196066
24966,0.640743365
443489,0.855412616
470765,0.219737294
475169,0.96286427
2669336,0.798905022
366177,0.464386097
903657,0.174897443
3312830,0.198310725
1308667,0.228599716
3817848,0.08179476
475290,0.23298686
1937390,0.474525583
1433540,0.361324786
1857842,0.653597487
1657507,0.55459768
1439235,0.501292785
1673434,0.322295372
2387499,0.417485822
2458106,0.158346522
99753,0.933291996
1175491,0.594959716
424934,0.226962781
1764726,0.266233103
1462901,0.174644954
424024,0.616323519
3086442,0.743753888
7193448,0.371130381
803093,0.682406199
988108,0.530331734
452702,0.69520064
2044801,0.655030428
56405,0.371546993
758798,0.703109826
1586265,0.431599438
2917506,0.771083064
1540133,0.408459693
417001,0.359237744
219263,0.675273527
395972,0.95391919
399201,0.018162134
2235542,0.102792476
1078940,0.999698384
1600195,0.129720333
5607028,0.343449098
297814,0.151339523
404364,0.769787155
3654796,0.407646234
382932,0.734986647
75610,0.482294552
5655222,0.698953566
59855,0.452317938
3534838,0.911777738
1935896,0.687394604
1825918,0.939403542
1453405,0.72720958
338075,0.332663348
1829012,0.617221183
30947,0.345621228
455824,0.902291071
5439796,0.628695083
3553442,0.142413286
369441,0.140630837
452643,0.099874641
3612616,0.514338886
1132626,0.894766188
808146,0.532896569
1549572,0.451116657
401445,0.208453866
65670,0.553274566
368089,0.525342704
417217,0.337820601
421238,0.831657619
461770,0.120354834
4649466,0.219292752
810988,0.523571319
117223,0.03291111
385690,0.04185919
4299972,0.991094867
444628,0.850341568
74739,0.060707917
384806,0.843217622
358456,0.351678573
1056437,0.273186608
2326612,0.064200205
2756032,0.770029134
1241317,0.395551579
3892434,0.079696813
458352,0.242843793
1847731,0.198967038
380623,0.265623607
1175709,0.624765966
1320253,0.238734615
346578,0.135814074
3816372,0.178294141
2267968,0.914630675
48394,0.341952373
48980,0.66031834
1951266,0.135916939
1017451,0.035998956
1587310,0.799447716
284363,0.530256369
2094064,0.501927498
2055765,0.442445023
796366,0.184457298
1049402,0.575387729
1186373,0.98164662
1396218,0.420602041
388482,0.462575985
405422,0.077981432
465316,0.983562467
39402,0.363066526
1955162,0.580440938
1957938,0.79282896
5893332,0.705049581
1055292,0.943877253
471041,0.126967396
430576,0.834206942
859163,0.512335929
1227536,0.697838107
3181822,0.779398322
386005,0.630546433
458481,0.328905167
2980472,0.183422528
1477109,0.42801127
1414382,0.720993968
498353,0.97756625
1727388,0.799733886
1912398,0.1044023
383678,0.406644764
4881806,0.317256364
3783958,0.649936128
200768,0.379717238
2053425,0.874911892
79946,0.399204602
3600760,0.083929292
1300854,0.670619829
386032,0.294916347
3844362,0.048421817
1707386,0.723483994
1195478,0.459117852
361089,0.458357632
4144504,0.981994845
424774,0.964527545
86605,0.793941266
79718,0.915592052
1450321,0.449471601
105187,0.776012779
1267297,0.90501361
1991031,0.606794699
443465,0.677929974
3759416,0.453868913
2401097,0.334970875
75572,0.574217445
2393845,0.674750936
808399,0.925045024
2234025,0.708859637
436231,0.707701509
1821694,0.341425434
830570,0.656082151
422528,0.065879651
118745,0.510139383
142250,0.90973449
1086772,0.604978598
32339,0.170641486
1853728,0.74135259
2042568,0.074704223
1596345,0.437783479
1682180,0.944418223
403455,0.118351509
2388725,0.215612793
963794,0.322944178
2400291,0.900686378
1649419,0.980722048
1412386,0.003703722
2418558,0.73143206
464196,0.151006613
2388715,0.502277695
1634136,0.038138818
206636,0.727221488
380066,0.723318382
1543920,0.725827886
3210686,0.892475378
498380,0.73125329
1421051,0.818809626
2027140,0.478406526
1600524,0.598351191
2962876,0.452109336
2304771,0.099625882
3672840,0.535131127
1190617,0.469939743
1714915,0.182084751
799949,0.534787276
2543702,0.632265849
5095030,0.641764035
103978,0.296940637
1877832,0.915355293
95835,0.881675851
408524,0.368896225
389860,0.751443083
1247640,0.081490813
54176,0.251730202
2581244,0.705537768
3455224,0.286733218
1060277,0.735083601
2784678,0.02270275
1390411,0.433503825
808508,0.643451342
1509767,0.470623391
373469,0.58524115
462200,0.453756765
492506,0.773512094
119620,0.839167834
3411432,0.308307169
1054485,0.710656275
152183,0.592273324
2172985,0.105900601
52587,0.680329824
109440,0.074821324
1389762,0.269191844
105606,0.303599087
389448,0.466958064
200465,0.569869714
3922818,0.885833182
377107,0.926084796
1018818,0.771824655
1798603,0.050584556
1151911,0.701474772
1205535,0.004054592
3525346,0.902843376
3500822,0.901713782
342258,0.292850568
1325004,0.748927769
426883,0.954052841
3903852,0.732625229
5895028,0.943905318
1602613,0.642594721
4468740,0.053703782
323250,0.448617581
5215952,0.410354486
420223,0.025303433
2338151,0.56650533
4465564,0.212410183
437405,0.241101942
413845,0.80869469
1542344,0.510604623
427944,0.073724683
395584,0.281627301
407887,0.876967069
116075,0.960656996
4970632,0.641435728
314121,0.370277714
471042,0.448168342
847817,0.52240148
6911608,0.993692347
6333064,0.397909718
110419,0.705817468
1313113,0.732192099
6053438,0.115246625
2933474,0.288653725
1220214,0.826951227
5084196,0.654986402
419198,0.715996055
1340107,0.942794776
3152624,0.644801829
111190,0.061478923
2231461,0.986159409
409904,0.272148724
1520494,0.429874658
105438,0.060914847
2507238,0.7365153
2713180,0.281739582
1197628,0.955720971
1597522,0.664560751
77292,0.869441783
985058,0.731699381
1103153,0.412699684
1560970,0.438765611
413300,0.625590156
5476944,0.429240246
1176740,0.352349706
779982,0.429321808
1104006,0.009066022
1734589,0.515945887
4229236,0.584579807
479952,0.173900701
2280378,0.575665441
827521,0.37878123
787475,0.938719901
2106476,0.478412791
469494,0.451170035
974015,0.540120562
337721,0.969168927
89538,0.684862938
1023490,0.494118883
2017038,0.41790983
480242,0.195868094
318761,0.90337043
2053463,0.612943837
1715873,0.278662118
2406252,0.859618282
2359024,0.640474604
1403981,0.44680545
420294,0.59549922
499549,0.054066106
211933,0.22340584
185906,0.781311258
469903,0.323680805
875113,0.020218581
1817771,0.672697553
817177,0.308378527
496328,0.801615902
485947,0.653442227
1234719,0.161781097
3028018,0.266842282
3450650,0.943420558
4171032,0.630098837
412080,0.957279923
1250777,0.943235316
1478964,0.855894114
3450958,0.943499104
381966,0.594774685
830515,0.715187432
71647,0.963006846
901481,0.069139562
4547056,0.590503084
4853102,0.539202224
1583420,0.171613808
3346224,0.849652014
214641,0.454576187
1634122,0.265310586
380599,0.240002348
1124035,0.324806791
2278388,0.898725529
317919,0.453938463
3077214,0.457912368
816692,0.419204569
405469,0.516306018
371606,0.164707668
2347569,0.933021726
1385826,0.802735268
1065073,0.536504385
1725969,0.446295962
1253565,0.702500998
371746,0.817218703
385880,0.8122317
424823,0.477289861
200215,0.144791063
216126,0.070929889
142244,0.12446945
1323594,0.394736404
79759,0.378599726
367027,0.781232725
463034,0.925800183
251654,0.995780725
468094,0.178452757
975645,0.605591153
910554,0.462808242
40497,0.977969113
1877797,0.179648487
1298650,0.351713837
758774,0.736115529
1815862,0.991126682
382625,0.841121547
3564794,0.355386056
1079444,0.205804559
1032751,0.950164172
179011,0.048625687
757361,0.433395875
142240,0.006433049
2333784,0.368858273
2258858,0.480990857
1307873,0.908142771
1187064,0.33584955
2278871,0.253057355
770703,0.167213988
4843046,0.153040661
2751310,0.057870872
2872718,0.17743857
902290,0.70692937
484855,0.413605084
489037,0.871957005
463872,0.574792578
1146438,0.48322751
2182001,0.269394374
404032,0.674248551
4073952,0.818492478
401398,0.81303751
421206,0.917949811
2474932,0.126678318
210044,0.968072904
2726560,0.74596701
1034331,0.348010279
1397514,0.07875083
3457734,0.750331447
1067774,0.29088623
416212,0.871921307
63557,0.555881547
1821658,0.099858791
892318,0.796449784
1014762,0.820832176
857191,0.840033994
2528814,0.548408937
472562,0.391641459
2396224,0.462271675
1022603,0.124069254
3521164,0.587207282
1268799,0.49053376
4899406,0.532607572
462538,0.831434874
2866360,0.837458564
1426352,0.263594815
1023111,0.98249289
3486626,0.457843768
2709768,0.840492406
976060,0.980217992
2112999,0.771467898
1318514,0.079772471
115813,0.933187704
6016776,0.047580941
860906,0.422571157
5555502,0.42415197
643109,0.76053435
2884018,0.211719265
3859076,0.282361625
2132285,0.013877353
3402236,0.856691329
1305583,0.300527582
1441940,0.12592744
889588,0.861523601
1032815,0.849209087
491747,0.721407438
3732950,0.592623582
2241351,0.770599441
2452200,0.214395459
1665071,0.887199705
1798684,0.941432464
60345,0.732798157
437232,0.63649831
386117,0.820294003
458242,0.609458795
4995790,0.470840094
400525,0.156075825
862856,0.715840585
815245,0.405390007
830558,0.735959754
846308,0.80815711
964517,0.602642399
106613,0.660951484
929629,0.554473591
799934,0.948313729
1229822,0.342346088
1700841,0.940671384
443536,0.046166043
101095,0.181882784
6264596,0.073701742
69409,0.915190783
962762,0.02021672
30604,0.718052846
445953,0.504044689
207374,0.066817827
816462,0.793909254
2848292,0.693478885
1893256,0.860655441
2980592,0.936516754
412535,0.68108138
206634,0.156589839
1870419,0.686871535
465624,0.505048741
478049,0.035966042
1745862,0.427884394
5700672,0.759680334
1179947,0.868942205
1638355,0.406214062
267891,0.881373627
419843,0.626030585
82562,0.031047935
444682,0.237621372
378109,0.703391772
3823690,0.377457381
450827,0.070851348
1219342,0.182992682
2967008,0.426612751
1972663,0.257436939
439815,0.398893069
1321511,0.458068798
2917388,0.917306658
76391,0.820211712
1164647,0.221064675
460810,0.152357602
3262342,0.563753815
903135,0.574723054
492044,0.092614093
1979320,0.142183841
454776,0.809829094
1725986,0.002878285
367089,0.138309785
1522863,0.721204028
1355631,0.231511146
1623205,0.96658241
4481414,0.528603492
315152,0.186853244
2294629,0.561862719
2313197,0.606486098
84701,0.787403426
2322441,0.211808629
1242599,0.236417696
85127,0.194074659
477347,0.803687656
407265,0.041333164
404802,0.391693283
283851,0.39548547
2263814,0.747244977
1351685,0.050759899
4540710,0.71724043
2798920,0.728974937
65143,0.887984011
457939,0.5891356
2355495,0.892356724
1667307,0.16847286
454848,0.860832963
463998,0.192154432
397101,0.559651776
4438848,0.474664451
2980516,0.844277156
1872194,0.581041484
478116,0.666823003
5849950,0.883192662
2316204,0.162688211
1332537,0.867260563
3040964,0.233527506
1491044,0.341884578
464049,0.810360093
455565,0.861920744
102940,0.636457334
864761,0.562364943
1637688,0.831136443
1568346,0.245766442
440963,0.79053959
1551630,0.926115537
772178,0.407185953
439,0.615531946
762114,0.133690957
2191701,0.9203812
6023444,0.901795142
815244,0.263965382
2209764,0.859446859
3862750,0.819991852
472399,0.685768813
1391092,0.26576452
1189073,0.926197408
1302011,0.910680866
4276820,0.374444762
772193,0.930283509
449467,0.315677767
976051,0.79521324
116861,0.738491654
1302067,0.391535717
425598,0.367903982
427327,0.067994156
443676,0.437194587
460740,0.269434308
800039,0.7077374
1907668,0.199337207
417349,0.446321925
1196948,0.355605751
452598,0.174454954
370754,0.944428244
1082588,0.066350082
1860213,0.971036494
2191400,0.798908037
983213,0.73800997
3760922,0.496760983
117942,0.226917343
7539884,0.96133329
436727,0.590762873
1781069,0.223386373
1326733,0.353636306
4178092,0.844079478
1119646,0.281388264
1559549,0.589029877
2370248,0.66781031
4781612,0.272607679
2130270,0.158283181
1854564,0.345802535
2735292,0.086586483
1504320,0.569586291
63230,0.841331118
2015381,0.001734286
451079,0.02679105
1645080,0.331112985
1972571,0.005086337
1488163,0.436243731
1078912,0.945401102
2025690,0.74594193
4034452,0.140181319
4139124,0.753211743
472062,0.238979116
1087578,0.687603261
3393786,0.95698998
1413314,0.836838322
446046,0.862718153
812243,0.877953952
1772288,0.811009995
1091863,0.147164009
870211,0.434316842
1129442,0.233582827
130377,0.25127571
910936,0.573561682
421082,0.77536679
421073,0.995573252
110420,0.064618572
3741834,0.700532843
72410,0.548782674
765443,0.075681694
419706,0.884445619
841044,0.387728654
2452386,0.619626675
780622,0.921728833
780521,0.208209158
113376,0.136516442
1311067,0.073538189
1536044,0.716863097
1496025,0.606093708
1226229,0.053903832
1571404,0.350510163
1336608,0.265057056
1135525,0.190972467
2380307,0.065798645
6648926,0.668496442
57859,0.705335672
39502,0.287705241
2193265,0.062014866
381849,0.40441215
4846340,0.95443084
2084989,0.30972988
399327,0.265232986
362004,0.131458872
7544820,0.766524883
1033643,0.037281374
213309,0.947714469
923811,0.199816673
1032856,0.96460694
106591,0.75350848
988083,0.687763393
328132,0.975896775
361715,0.523551287
432348,0.214908675
368226,0.605981898
1606392,0.355514518
69369,0.982264058
947810,0.158807893
414387,0.090766146
2452042,0.073046882
393109,0.505559518
765446,0.160174318
1020072,0.975884959
1754656,0.971770043
3066856,0.873155394
455857,0.617146723
404203,0.807399433
11541,0.130550924
870111,0.647421358
2194499,0.91265999
808279,0.348043689
2322517,0.761381065
373889,0.74505419
3170832,0.216901672
95467,0.787692084
852713,0.916624686
1278293,0.882864098
2580382,0.910623778
76360,0.205608621
988045,0.263498552
806027,0.443777562
2224026,0.125892218
1336006,0.625106835
1124039,0.080938892
453671,0.668663621
2486678,0.700669334
411195,0.085148818
886539,0.215713347
465538,0.497251035
2802144,0.584463113
388182,0.14543041
246643,0.87379671
41968,0.851407569
1967697,0.477831362
1886493,0.6416406
443559,0.815962185
3623726,0.01920854
1448755,0.077672939
2872750,0.709329566
477139,0.020537924
2013293,0.912378443
383010,0.791925869
406650,0.614842515
2249221,0.873554592
3715320,0.23210572
43147,0.075277693
1533117,0.591768428
4272866,0.805161642
1300851,0.534120355
368264,0.006994713
373051,0.969858437
142247,0.675425187
892899,0.093715098
1196141,0.200537635
1294970,0.80536599
1292594,0.439960872
1213663,0.176682125
770772,0.262125629
1160368,0.866318926
2557478,0.101461492
2245195,0.722785042
2387559,0.33769053
2345567,0.270656078
109162,0.484159895
2231253,0.513815244
1235841,0.232439756
285175,0.314614754
490822,0.269875173
472181,0.402278056
468565,0.449534722
1186370,0.924113333
61557,0.208412183
4449576,0.089237278
963743,0.893595741
348150,0.153329661
75202,0.568407904
415978,0.624116257
94939,0.402750392
5184298,0.924942079
69738,0.781482371
456912,0.991294845
59673,0.400539822
443431,0.511890009
406375,0.335783742
1289406,0.16210251
1225822,0.547962284
219233,0.510149595
479162,0.636974114
397612,0.83394007
1549920,0.445485561
104135,0.4004241
3333182,0.048756625
1872181,0.467513515
424095,0.765315018
3511596,0.747442669
2390962,0.63425519
1136608,0.9243544
2011971,0.077583418
1340773,0.206114883
2094766,0.183881066
81846,0.242592784
787470,0.712809284
1232829,0.801935124
1636826,0.636013891
263124,0.308470192
1071804,0.139354343
408236,0.798936675
3498820,0.385268732
4073790,0.574350947
1058017,0.360074695
107930,0.727196079
1067583,0.619431443
4500922,0.115585654
1155592,0.071036277
4160708,0.720358237
3291148,0.178556321
3899796,0.946184953
386140,0.594653816
94754,0.672045492
1727587,0.178712307
1094249,0.607548923
414993,0.436617795
1731141,0.388249275
67952,0.438855673
400717,0.965436317
1655460,0.195705113
2461150,0.118330154
1077368,0.530918135
2788716,0.194559794
436058,0.670660835
63821,0.208204839
5580036,0.454810074
1273207,0.656800344
478311,0.116734725
1977895,0.521100567
3799694,0.388019162
1855199,0.873169128
2005151,0.466287838
2554274,0.488666678
2937696,0.816068829
438488,0.34459631
3397160,0.629447158
912593,0.162124645
2567026,0.886212375
1297919,0.742146303
2557490,0.091212357
397892,0.46368756
1190080,0.119246174
970411,0.628792343
1334512,0.716602995
1135092,0.85410057
462590,0.927403191
142245,0.410073805
1584016,0.731016607
1502712,0.583405632
405676,0.935542424
2802154,0.692921453
388183,0.783438136
2134170,0.645562827
841046,0.636742151
2268016,0.249502028
418763,0.299464089
427969,0.080048807
76727,0.799995101
890870,0.237485657
193164,0.334175939
105946,0.335617558
1298649,0.21027061
445620,0.846456944
1531663,0.498315145
225009,0.210684243
259324,0.773865629
3416742,0.963052728
2112277,0.937033789
4912910,0.98073205
1217616,0.856817327
473075,0.200422587
380389,0.191461114
142248,0.264862822
3487994,0.198441494
443706,0.871682072
477080,0.070159595
388795,0.669322716
947802,0.674207001
1253863,0.59564352
1860353,0.412110202
376994,0.488984022
1001526,0.86613374
4698684,0.47781079
1234541,0.909925263
2305051,0.745040577
1204975,0.807161131
4176826,0.742538283
23753,0.581522496
1092633,0.828266843
1633356,0.755449073
473107,0.381565156
485601,0.087239547
842926,0.374979836
374463,0.17673057
367959,0.126799393
1456635,0.983419971
5613056,0.443020342
421715,0.808050081
1127715,0.552814633
489049,0.412614438
1998643,0.239103644
411475,0.827161845
2429074,0.586385418
3560464,0.138245193
475937,0.027470544
1226271,0.534168556
206334,0.255904456
906325,0.779733711
5688932,0.500037508
5164432,0.287836958
471711,0.107924961
1117523,0.752790827
1704573,0.150336893
439876,0.638350578
3569230,0.088436144
98692,0.832191558
4464394,0.488413115
3147312,0.886459014
1093908,0.382260525
880578,0.118444867
421729,0.805922054
795351,0.587247476
1748122,0.750092423
69005,0.353057869
1392170,0.480248139
117876,0.065083735
70233,0.538354597
4382552,0.988369701
1966604,0.726818107
2358891,0.566348549
1649444,0.056249968
1029120,0.625204741
3104930,0.239877243
467197,0.435488216
1253864,0.135710054
1019452,0.773463302
784972,0.716174258
455499,0.763445444
2671706,0.879361412
3231054,0.414809253
2870612,0.552918874
910812,0.70667005
493405,0.967177523
4846232,0.645285324
5051278,0.070235973
772251,0.460580719
443680,0.871563616
466909,0.979998274
1655442,0.036383027
783233,0.173409393
1528854,0.706870008
450385,0.65181042
452624,0.399919891
427229,0.435105368
1487118,0.217622013
1216475,0.670585595
330111,0.841874035
3763866,0.005659282
79902,0.543352835
14646,0.449814666
142238,0.165285499
1333125,0.76139232
1034389,0.832945569
4799050,0.294313559
453467,0.581826801
479884,0.134611976
233044,0.061162302
1422032,0.494193931
1705115,0.513324406
3824458,0.61766633
1403177,0.789841401
410097,0.580463575
142235,0.28593814
370986,0.443625566
430916,0.867299708
893382,0.572200241
1374992,0.000437272
948470,0.747334569
910885,0.853878151
2175842,0.379569299
119781,0.092088445
963966,0.125063708
468492,0.997199573
1247667,0.480789568
450340,0.510776133
2493486,0.643370019
467406,0.87346452
2227830,0.113334281
1592525,0.793783499
1038988,0.619929413
1568338,0.154625284
436971,0.168114957
128221,0.808768108
1235124,0.337972711
1366344,0.391155907
77278,0.842846623
1196340,0.99190775
1596365,0.694395915
92240,0.941001467
342735,0.263176916
1742044,0.416776541
1270835,0.588075629
1117666,0.618289049
2006040,0.765738456
211653,0.593275973
2120120,0.299225436
189160,0.020849579
472027,0.613627683
1135503,0.913589433
2023453,0.488818884
1976009,0.735232775
1375670,0.520182317
7379330,0.502111529
3850214,0.071163466
1964418,0.993941784
201520,0.170805421
2016940,0.215376725
1273678,0.915998318
1037705,0.66795567
3268458,0.14648257
1655416,0.207032738
460791,0.288116912
4287320,0.958160387
3018070,0.216078177
98532,0.100671474
478087,0.85288911
1800241,0.399568194
317219,0.933320207
878835,0.417349238
414055,0.820866462
1190539,0.150936849
379725,0.53491334
2277860,0.139083688
882997,0.6520799
497329,0.074669962
1126590,0.347744143
2361509,0.839960749
945571,0.831450742
2398249,0.432787415
2059171,0.46852706
2181931,0.758078944
116441,0.358862241
1441395,0.41930767
1650062,0.338304194
1336617,0.611654177
4705522,0.70853296
2980648,0.346425706
437863,0.898547949
1397280,0.35742975
2076781,0.960536076
3110014,0.165706264
4431208,0.531318943
72613,0.834168304
1474276,0.364910654
492956,0.304456355
6768578,0.146315101
3327624,0.097561122
5129510,0.237902608
1315584,0.677988462
5461956,0.603276828
1212450,0.41479064
454841,0.083291741
468569,0.565081657
814314,0.10307041
465188,0.712977326
1740047,0.573751655
923752,0.396578324
1663202,0.764242896
429589,0.45307644
1951299,0.884827223
477051,0.796871294
21910,0.306907975
402399,0.593047458
800320,0.023703178
2650978,0.274341663
486358,0.360757221
6000478,0.147404875
1365519,0.303942318
3098812,0.356748246
1273235,0.220992717
3511542,0.317354155
976246,0.608051535
375920,0.921244284
480669,0.763782265
2258345,0.531047121
1251757,0.305464147
1464580,0.336389552
191423,0.224293225
2996648,0.687553311
963807,0.999221089
1345836,0.775017618
3315342,0.292499516
438097,0.766789857
1483324,0.552016533
480687,0.123586689
2556874,0.90292231
1559038,0.179949559
55400,0.498042091
2991224,0.116128956
482088,0.564170944
1922777,0.797047324
100107,0.251576629
1121794,0.127149548
989757,0.297185781
426931,0.684225135
1213644,0.282194728
1853739,0.756107747
819714,0.315498185
1265998,0.960003812
4592572,0.120677978
878674,0.995030451
1758795,0.142666192
496806,0.794816687
1677561,0.1085012
2132405,0.788487633
763831,0.318583867
2309961,0.752194228
1321969,0.316786327
82153,0.134727851
478304,0.027345286
2510998,0.736156256
80623,0.164832218
454919,0.093525129
1533013,0.740126213
465436,0.031466121
422720,0.540073986
1384590,0.874071292
1053810,0.590784869
408828,0.462541616
429591,0.769797663
2656588,0.621799583
1091191,0.839256109
1667353,0.810142199
1234721,0.917679333
910873,0.882268243
898367,0.443698096
64040,0.800238724
1524137,0.553769467
1352408,0.706614609
1509130,0.839538721
1440292,0.836905649
762125,0.885353646
4501454,0.811750225
1648179,0.86528033
1615918,0.182535815
1228705,0.637995736
1847548,0.930085543
1211837,0.759535154
2523852,0.559605815
285036,0.589033495
388125,0.225545759
4537842,0.419289037
1823672,0.661902782
3973198,0.718798521
89177,0.574628261
3133722,0.787303665
762117,0.810460769
384504,0.580579632
91455,0.754034487
1285309,0.345820134
401244,0.345311982
2509850,0.776307439
2459156,0.721898401
470705,0.549548045
780504,0.354853205
866439,0.564676364
3322364,0.56245254
1856101,0.697406551
2395427,0.520774492
3260022,0.376770015
449851,0.605599209
419749,0.790224817
462335,0.416837367
1578275,0.356303085
1901040,0.480642276
2181959,0.311117855
1489889,0.613477935
5580390,0.000703912
2187884,0.469182634
1862079,0.245237477
1433811,0.020707476
43949,0.902053431
1217637,0.199229831
829482,0.303203477
810922,0.266955658
1605783,0.261874133
1229340,0.890782822
5463162,0.003993072
1458175,0.196159239
2381991,0.587141716
2546038,0.221935482
3332064,0.76559504
396555,0.927362689
1172233,0.20361772
765128,0.957928929
365485,0.115011754
1596343,0.02575203
3762944,0.827461228
901476,0.001497464
4630562,0.183097251
115650,0.602814674
1454029,0.615240104
425430,0.086206294
472205,0.242615802
4172430,0.435362597
1935065,0.475951685
2543472,0.941498098
66498,0.483596119
473753,0.54549215
2967224,0.388136253
1780798,0.200236295
1111422,0.747974536
379786,0.963629788
935075,0.640457723
4046784,0.93374244
352248,0.615551049
790712,0.381245599
98019,0.12115341
490204,0.777976197
1865505,0.616825492
5653294,0.592595236
892255,0.152437859
1527186,0.548306598
422295,0.679717641
324941,0.246058146
2771200,0.808512763
2625810,0.300501327
5340362,0.591482683
986264,0.625640629
2537390,0.230882177
3203606,0.652803613
787524,0.190811457
216755,0.210023228
2357129,0.633408102
1582248,0.347141491
489458,0.134722924
827573,0.810649708
425061,0.177055819
832879,0.916864216
780002,0.681614804
166960,0.296212955
55831,0.28357432
430304,0.603623779
1131748,0.269878505
3155242,0.96764503
848557,0.326705511
146970,0.537014577
476991,0.524795344
1611211,0.16090192
804497,0.689846808
131409,0.563332012
312318,0.835971685
3672742,0.729197651
1321870,0.856788235
1996264,0.525392579
758746,0.633884868
1417592,0.816003957
1251743,0.603264287
7387408,0.187611863
22183,0.924659276
1323925,0.722021501
1242422,0.833315181
424205,0.556886782
1418377,0.723484428
2503944,0.783738905
113638,0.236559288
2381941,0.16283426
1555440,0.172410305
6840134,0.413927349
2193215,0.929754854
208502,0.875017851
844794,0.55608802
445934,0.971600644
1659337,0.358500926
1320239,0.791700486
995868,0.450973422
1263670,0.25004973
427531,0.354403857
443701,0.265386193
2017020,0.500226349
211730,0.483339265
3365778,0.349552705
1091722,0.731458425
1232200,0.229356754
2828996,0.244030189
369994,0.156284109
1428453,0.523189994
7291268,0.050227639
1956620,0.82067033
1672218,0.107290058
5030402,0.219859814
1055300,0.604216625
1127180,0.27852775
1612774,0.357497938
2649554,0.918717752
1482459,0.359298318
4262980,0.424441145
2406566,0.219576101
457655,0.737414835
976238,0.929195627
1187043,0.490258948
2535470,0.819559012
2229499,0.998688007
862846,0.429521211
1568341,0.173900495
3689498,0.917813572
403537,0.013214221
1588170,0.808297682
1151922,0.228719612
1371111,0.632911402
1826590,0.308712504
452694,0.306157307
2570858,0.409562538
462465,0.033299519
1446714,0.524914792
4016934,0.480834253
1321509,0.135539722
1241017,0.534370076
490086,0.122315514
2091935,0.056213364
489282,0.380822077
106336,0.368459066
445939,0.262401942
96880,0.801224659
1190536,0.875109482
2402927,0.178278848
426459,0.147738667
1881002,0.242552962
1490017,0.364949814
3774114,0.687846037
2304426,0.403236934
373883,0.227027828
1334260,0.784171358
294870,0.324938979
426592,0.299247719
1425244,0.485204654
458339,0.156155657
2397535,0.103723732
1059786,0.653571727
115658,0.855012778
1161418,0.848531281
3717490,0.441564607
2044056,0.67361272
188503,0.979479809
1883092,0.964682716
208558,0.143780264
95330,0.753352343
87746,0.119958234
5311514,0.069666094
3837248,0.984087898
177242,0.138307225
1226774,0.562463297
790686,0.429684596
1139797,0.299542322
377818,0.013594371
838221,0.139649528
1596350,0.92542288
1630637,0.9456469
372784,0.473161458
1217209,0.467129109
482606,0.877787317
208629,0.032355963
1139328,0.369445947
1778338,0.961698022
327597,0.244331046
1598828,0.351697687
1664894,0.53955578
1764234,0.593901086
433416,0.891114096
912592,0.023017049
5342766,0.678372238
1545660,0.84292978
1837709,0.474217969
2379386,0.980580519
116401,0.327067989
1840417,0.942423501
4126568,0.725667306
1990314,0.835915876
416449,0.817774356
4831420,0.17070109
1216487,0.185368774
58154,0.898020325
419058,0.617672702
458364,0.076513804
3521126,0.354412561
456554,0.07012183
1000774,0.531930599
810823,0.876579669
1033575,0.737049128
805559,0.236483331
1436562,0.152266242
1934231,0.073475435
420901,0.043805218
1321869,0.127210683
60453,0.21631924
142233,0.346423877
425253,0.158054566
870090,0.750194521
1621046,0.713174463
1714208,0.391053654
3355694,0.366207461
1047540,0.519983768
478566,0.748898878
1201167,0.26877961
4226388,0.995939333
1618442,0.211200648
2510894,0.631149854
5275892,0.642389535
262240,0.551006031
1024648,0.626300576
2091473,0.729935719
1340138,0.97742563
1023114,0.929753602
2014338,0.841772984
66806,0.892340548
7293380,0.698565453
405336,0.164550775
328955,0.417232106
1663662,0.390523077
1325753,0.107733243
42286,0.709514135
881200,0.508927242
1702439,0.10431632
1104733,0.349433769
1605717,0.778967481
3203616,0.743081647
3064298,0.313378785
472602,0.991201721
1705773,0.412099017
1126618,0.610303778
59049,0.545094884
1135084,0.98747039
1307861,0.908395804
86148,0.527742281
1235166,0.756241376
1064932,0.754759278
382357,0.620385338
420609,0.747112303
486822,0.813700983
422861,0.718148508
1726669,0.821157114
1683526,0.619497586
3687398,0.51356216
1135493,0.536638141
455326,0.849665694
398375,0.251085008
436697,0.336295889
1717578,0.99430793
60584,0.518191533
822854,0.925447351
428649,0.970659873
63186,0.249293256
218388,0.522968635
1762248,0.333211416
420293,0.579856716
463985,0.630382451
913951,0.455784388
1839492,0.581823421
352465,0.402818081
411270,0.306047702
472043,0.571725117
4475970,0.916645462
389722,0.902101931
795493,0.342281361
3169706,0.800079421
1772382,0.999740105
804540,0.431575534
1292566,0.742693972
416331,0.924632472
1179056,0.604125325
3247714,0.171892677
850253,0.943323296
105321,0.228234037
433387,0.67107379
61996,0.430622209
907657,0.032089572
105643,0.340343288
2638144,0.654772265
98769,0.595753459
1118511,0.658925164
434409,0.711244658
2922440,0.632706492
430912,0.857929577
172184,0.546778421
430634,0.722975758
62083,0.183756572
4136084,0.463488454
4302938,0.342493238
468445,0.093116668
445990,0.640029583
477348,0.867966021
134614,0.079706967
2126355,0.752631547
478209,0.096259028
3726704,0.367418419
363828,0.505886981
808417,0.438804798
95875,0.664010249
795176,0.866000881
223954,0.159399805
413099,0.702918371
808506,0.044993096
2446980,0.004431232
6217368,0.838702192
435761,0.952707387
492931,0.063216154
1079372,0.92896279
416236,0.049187451
1421373,0.803921284
282744,0.500843793
854678,0.835754588
369359,0.48116455
388139,0.906806532
1274586,0.907981618
452623,0.627483852
32410,0.746531789
405455,0.976763469
775489,0.441881502
1045670,0.964572739
2140373,0.436042878
462519,0.685263544
114395,0.780753368
381061,0.658301637
904049,0.381811133
2283362,0.657808803
1028528,0.412150117
2152198,0.158408305
2381111,0.693216363
2203939,0.446161867
1621045,0.095058637
2402085,0.985808698
1038919,0.285332984
3748512,0.039890275
1809398,0.999997892
1821549,0.787566972
5326448,0.304508719
360323,0.964926076
4594834,0.929708072
418455,0.442932683
1185616,0.739960444
1240982,0.253779835
3416744,0.890491107
1470827,0.731069964
1703199,0.317994571
1895587,0.694387186
4451458,0.144528034
413895,0.350380459
368709,0.792839746
479760,0.846217515
2281587,0.059749954
844286,0.69378635
77429,0.937726193
1535108,0.693670614
1259521,0.012273997
839980,0.878712861
1680114,0.858983989
2239822,0.339166031
51380,0.301846726
2002718,0.343811426
1710417,0.773957372
454864,0.728040401
112681,0.592075336
1407052,0.226220754
388980,0.79240556
1265990,0.643573249
1334537,0.09578098
1814621,0.22312497
1259571,0.592010807
938283,0.945486046
4244998,0.44890231
1790885,0.870738547
5825380,0.923057844
1467306,0.706225754
1726738,0.714628423
319970,0.421362288
1068680,0.964606024
4005402,0.394971459
83318,0.063425567
466342,0.910526246
2345759,0.374031659
1267299,0.708310576
1054487,0.554871756
41414,0.613429818
1924273,0.171086538
417741,0.91638363
71203,0.70964648
1424432,0.907899597
2994190,0.68652282
165623,0.828221491
493459,0.388242065
3829170,0.922952543
3201722,0.519400092
1791528,0.373469094
472050,0.714284696
5952332,0.419749716
7164714,0.482230304
876563,0.984835679
238883,0.347159611
230534,0.199139154
1318517,0.970668773
834001,0.1938424
1657299,0.986219613
2332579,0.443042766
5595168,0.542601262
845046,0.678207716
399146,0.456799908
469184,0.062571949
466893,0.050054402
452608,0.919393659
1758830,0.337283971
1401143,0.419146856
2582782,0.770378346
1441912,0.4710271
821640,0.598781042
964587,0.565909119
449059,0.112758828
1753786,0.908168554
1665744,0.888975864
817538,0.825919002
481369,0.751400453
2357291,0.011964776
443632,0.321628704
1129427,0.392582601
3072482,0.800623648
408790,0.620096757
888817,0.662307374
1327194,0.039686372
1217565,0.712678713
2209418,0.068317297
1220220,0.285425328
5084198,0.34969161
95403,0.332714698
380817,0.837614744
433400,0.210027569
1289401,0.062312323
3877674,0.218080408
1130884,0.242273192
1349482,0.372356221
99878,0.639045701
1816518,0.989486341
211281,0.230755934
2100546,0.622443491
3544112,0.345190545
820096,0.31455152
2096672,0.319637939
409182,0.210113055
490076,0.879752128
454987,0.798155351
3850590,0.914247867
120786,0.722244708
1951265,0.424598186
1832382,0.080856073
2024544,0.952613358
3715122,0.210692655
1107860,0.553994904
456396,0.933692387
2888046,0.421471114
450972,0.812050387
389557,0.254781376
5359048,0.128233789
972785,0.982666349
443453,0.414203958
1959563,0.839712721
5686062,0.915076024
2247732,0.125812258
790804,0.469821721
1398941,0.180076241
2869728,0.395379338
1231587,0.075273221
814685,0.560498998
1687281,0.576536682
2172584,0.682559079
424755,0.381584785
1493157,0.501985402
860907,0.041400899
1640459,0.043058358
1650043,0.097476085
4019560,0.256995015
2965466,0.283858626
765010,0.748552264
1219289,0.33463445
866437,0.691963337
482572,0.869516227
470752,0.491004749
43362,0.416593024
1324999,0.3978788
1403988,0.152565085
364970,0.386736147
1937118,0.804029894
4964772,0.218556512
4009460,0.345073968
384537,0.111811296
1201607,0.043539527
4104054,0.977226342
1592281,0.921553406
142232,0.317590977
1222817,0.134987587
2796678,0.726730363
1188729,0.915469992
1990181,0.012435432
329737,0.405908734
6333,0.785289875
1572315,0.919719354
1585255,0.50569495
54325,0.043229506
5726616,0.279421465
32536,0.398107093
3666024,0.046680921
4196776,0.249079174
398286,0.369697197
1356864,0.675296889
3792960,0.292313641
2980626,0.266068431
2312718,0.857623901
1012804,0.510668585
408839,0.498924528
2717822,0.907709874
1198138,0.42329563
337978,0.123574504
270288,0.962748453
3264102,0.070369652
762121,0.001465788
4191054,0.163945745
417148,0.797694638
1435513,0.867172537
2788732,0.859913103
3534602,0.588405496
246641,0.759538572
1694505,0.518202642
1528313,0.719997388
2334871,0.045966074
95730,0.362294945
408777,0.821260118
117238,0.942464526
1647668,0.808365974
2975578,0.769915518
2226417,0.429437747
410650,0.049124793
489281,0.349838379
1227926,0.821470295
1461312,0.93831409
1855325,0.209145002
5462602,0.973278906
1713476,0.682866858
1335975,0.740304949
4324274,0.199227605
1333667,0.551649029
490215,0.315185
472198,0.940177327
1878870,0.608327858
1125849,0.256475629
5135434,0.902541403
79180,0.60285424
2084970,0.172442786
127710,0.090193909
1034314,0.230422999
1772341,0.516477956
2140203,0.585385477
2382009,0.605038224
1386703,0.863216942
1197624,0.816965921
3605418,0.720129369
488120,0.071554168
4701546,0.994478488
51850,0.33001107
58578,0.671763483
6354108,0.535835542
79285,0.526447609
1229360,0.099640339
2911666,0.953246391
49830,0.832280119
2076220,0.626399215
1470023,0.33872182
811136,0.191836719
986263,0.663388503
62043,0.189959251
85937,0.844348696
2560102,0.300159427
86333,0.336669942
1599348,0.097108443
970866,0.317974099
1020773,0.995818892
2064968,0.519572683
1151309,0.739680891
1014775,0.709339479
1440728,0.646833482
1135487,0.496524212
815241,0.169334281
416320,0.811202245
374569,0.593818638
1626146,0.868626288
1233227,0.35537358
1386697,0.824757883
80439,0.14676125
993846,0.172494781
758752,0.366250476
3642618,0.723289755
7690670,0.328802734
2246565,0.648857696
6039532,0.905670692
491703,0.471401645
4328798,0.804138746
1084950,0.838821011
2261331,0.049343425
4501244,0.692076617
1243974,0.489783398
137355,0.318492989
1360822,0.510910163
3089388,0.291002656
808357,0.202603248
1174732,0.313107062
2910904,0.884331956
1477837,0.517385087
379000,0.779777218
2383068,0.835781776
924129,0.982847011
1420554,0.48223524
86723,0.009352017
1441326,0.117504115
1355638,0.428397329
952682,0.452752472
2987732,0.299748329
3316948,0.850915935
1083456,0.215495534
1306980,0.428279273
1114698,0.619993397
1291150,0.693772056
2268617,0.957470069
2969050,0.816493118
4289434,0.93675358
433035,0.132823955
1659343,0.822080385
1078588,0.334776411
492499,0.426534062
5056034,0.577586384
2511428,0.558596788
1449283,0.874107686
5592248,0.997262728
479500,0.762528643
1714203,0.526103821
56903,0.437837367
393735,0.969657306
489270,0.607019525
361748,0.059541687
1164999,0.844130606
1924429,0.795249448
2374144,0.248166209
2737926,0.797032627
811106,0.724251499
3472226,0.03898382
453451,0.958557083
1001508,0.700228165
114308,0.87298935
4547194,0.425534512
4116284,0.897332178
1350929,0.292982407
1331064,0.309985457
2832470,0.531198304
824747,0.564406116
1341167,0.815904304
853096,0.671354712
1778304,0.190649533
1172570,0.259506787
1951261,0.09205907
1440129,0.250975451
1682186,0.148386152
3774466,0.368829228
1016024,0.888464344
1144539,0.965941828
74291,0.088635094
490084,0.523232813
1032846,0.537046344
2531344,0.234375713
3628334,0.474675055
3385516,0.567684639
1133985,0.308208263
1636780,0.823650262
418819,0.816198139
5109784,0.87971239
450314,0.411572069
185534,0.701742192
2147048,0.430624459
1023481,0.404903837
902272,0.438202764
1971571,0.969112462
2199571,0.040680798
1305591,0.030651089
1229238,0.558278411
225481,0.695059952
2103281,0.826767469
1430626,0.558575213
2334879,0.598656078
465551,0.262752321
758766,0.325137945
193364,0.248558482
142181,0.668566065
2139555,0.652726994
912583,0.036319521
1981128,0.13336272
2562232,0.772891224
78090,0.931538922
391728,0.725611475
1294226,0.385201844
1959490,0.350767737
426578,0.540909743
6397426,0.479809912
3138104,0.83672451
1053424,0.773843647
398017,0.812776445
460745,0.802677875
1411250,0.586817126
1441952,0.507274156
1794821,0.416050415
6317962,0.680014343
397535,0.842653307
808151,0.255410392
216621,0.93934258
2492564,0.519499107
1492030,0.580334968
978759,0.147826277
1515091,0.322658423
448075,0.622632741
403702,0.306558493
279077,0.276975805
1646971,0.579241083
472033,0.133205663
401997,0.792316525
482571,0.405090746
350261,0.474666162
428803,0.178097483
418647,0.000533908
1031280,0.2833912
5027774,0.716094254
3703908,0.053603219
3577624,0.266173415
4513674,0.119195178
368574,0.96566371
1198196,0.902899727
795421,0.409311217
419887,0.973772133
1291584,0.193563365
1460743,0.75316139
1093824,0.584925065
988595,0.948537151
1935929,0.347481997
465234,0.185153011
1937133,0.267753496
489235,0.413688086
92501,0.155449633
30608,0.585426776
142249,0.486022407
31405,0.569234456
2113659,0.618142957
1179031,0.618675881
435623,0.215658082
369610,0.168997164
1583421,0.620512033
1477855,0.394396763
964185,0.917728145
425661,0.902602105
3411444,0.374677145
1055369,0.33503589
1214962,0.326426294
845955,0.454448016
478970,0.029025203
465657,0.258046721
2980706,0.672687719
1067106,0.597395236
1282140,0.538958939
76584,0.610742805
1648190,0.816414476
425413,0.182656412
3682448,0.853734885
3631112,0.218966947
1078933,0.71384338
499554,0.551101412
326905,0.48465688
1900893,0.946182592
486655,0.657026074
3733774,0.940172869
443272,0.383476373
1319718,0.040818269
2402603,0.903170745
1590089,0.546740061
398027,0.813536125
5066574,0.525508868
1712170,0.757529827
790736,0.416433946
425379,0.421110161
84921,0.90813681
949731,0.26805769
50832,0.755594678
1113829,0.771394859
1879032,0.626629466
429573,0.009214123
1625346,0.311049348
1261945,0.021188541
1682246,0.981614152
177747,0.577709907
1606378,0.788801175
1000764,0.398669507
61847,0.904797182
1942884,0.514153734
3316960,0.691434916
1149362,0.428340214
1801061,0.246200527
4050552,0.247402399
2166834,0.575988355
851577,0.764397232
1430132,0.917786865
990407,0.874988819
1018785,0.712226898
1598822,0.633770796
1473832,0.140064428
838232,0.195731766
115195,0.760999382
1205489,0.251755187
1663636,0.173891546
1291570,0.900655859
997047,0.484240248
2990126,0.470708463
5776858,0.788917272
73442,0.411975946
6090102,0.143735339
361693,0.250351574
1196204,0.076613461
1287845,0.294368385
2402101,0.036827453
3691740,0.937845504
1735907,0.128616155
436339,0.945327827
150742,0.162686579
6714534,0.389519907
1075417,0.829163603
1029235,0.546777156
2576852,0.423845028
1352852,0.540078458
248752,0.935860915
402910,0.318644439
57812,0.193851312
1095217,0.578762799
2463288,0.604808245
1142988,0.076197811
480249,0.801722334
2265398,0.278153656
1212419,0.254194656
825232,0.3263319
436864,0.998317503
4481514,0.901901065
47682,0.861448861
1020530,0.83300796
3910804,0.670517862
486576,0.476639795
3622592,0.410832029
1567609,0.650075696
419434,0.689565115
2758904,0.853137153
986233,0.386183333
3553976,0.402718727
462499,0.333055249
368794,0.749695988
816442,0.834794045
3110958,0.145146765
4788944,0.074849606
799954,0.546097084
449088,0.854273963
775539,0.838210088
3017864,0.06707103
7044010,0.481482795
381940,0.765526203
481141,0.025336972
398165,0.023073157
1731697,0.439802072
3138698,0.381157763
1399683,0.740848972
1278340,0.931636312
2290153,0.650496707
1971325,0.204373708
2234155,0.823328936
844471,0.080337018
1429433,0.36282025
419677,0.916990674
2309260,0.731529761
1646987,0.456541199
1850457,0.611178303
389790,0.766941803
61199,0.893208391
3628584,0.54603409
455760,0.75710607
811138,0.298068333
2614684,0.178946375
1485796,0.185364437
28510,0.889090233
1791682,0.442002831
447166,0.577650278
69518,0.696368915
2333804,0.20849732
1569923,0.745925518
7057376,0.146213859
936501,0.75029003
404030,0.002345429
1223236,0.481988033
817230,0.687276436
1385912,0.394967416
416315,0.019409928
491162,0.456618493
410377,0.956321198
3475596,0.404032354
1723811,0.370300692
4425064,0.786326191
212579,0.212881352
1374989,0.959937139
4786282,0.124745209
1911658,0.571611575
770752,0.523578842
3597400,0.932810753
1567437,0.473093555
186408,0.052469473
2293640,0.731866729
1620680,0.136962561
765458,0.809167572
425326,0.892305516
1109624,0.299207022
1714917,0.914741532
75404,0.098952283
762138,0.952027428
3890160,0.135212945
6254796,0.816305097
385002,0.141889421
2561572,0.843341374
359950,0.949981821
475276,0.043137935
5254868,0.033429201
1371155,0.97443735
4263482,0.66545125
1525366,0.879497341
3499096,0.243822253
7264,0.352510061
422618,0.992392436
1924435,0.982406611
489099,0.566660796
480025,0.728465955
43918,0.309250126
1172206,0.642289013
3079380,0.978798343
800241,0.585532538
4671002,0.562003284
1075747,0.225117791
118414,0.489559954
437800,0.308216579
1428538,0.146582367
3065204,0.863625232
1457767,0.461016235
342272,0.66459756
57936,0.903460058
2870808,0.599572713
491152,0.907664037
401855,0.005906536
116607,0.538927296
1788391,0.447610036
1272878,0.800087953
409799,0.605023455
1469304,0.466191957
974661,0.279027692
1407050,0.161040703
492486,0.22659774
292963,0.192876068
783612,0.795906835
349467,0.847038934
1502404,0.806858451
99740,0.576200459
462504,0.284360545
4086032,0.199909002
422370,0.919846407
3179568,0.381051288
1288558,0.987315513
1027718,0.093751741
94673,0.227219768
284492,0.412941694
436078,0.417991505
106475,0.1272288
3401882,0.924697766
392878,0.127970454
2763304,0.459195291
446059,0.08282644
4763168,0.883107967
1028576,0.004648808
96126,0.465607339
3132738,0.009543808
453548,0.567277082
497137,0.777196236
1507563,0.914079404
1228987,0.344402058
912599,0.534310401
110982,0.170475771
90182,0.262742209
2679042,0.971901603
1151359,0.479677015
2097298,0.05851257
347840,0.439049205
1628841,0.123463573
3155328,0.071216023
3501632,0.932452312
1865393,0.374917891
1528100,0.615726917
419984,0.57185647
375154,0.79845318
2334873,0.513712664
338427,0.979021214
6878486,0.40934643
384793,0.537709693
3345474,0.625186726
783608,0.203978472
1307068,0.615798497
1595366,0.059052754
1981677,0.111722171
1318414,0.647461022
6149818,0.337699497
1284575,0.789614942
476735,0.530867158
2436386,0.430695694
1410063,0.256719123
122264,0.788045346
449061,0.139257854
193524,0.381229191
3567288,0.049793099
3717252,0.90692227
110329,0.32776757
370032,0.204729374
1045772,0.962311405
70861,0.486403488
392465,0.823195234
963207,0.262836394
2660888,0.114564508
46889,0.258568302
1641385,0.848799424
418141,0.293304835
1611224,0.713502624
475293,0.01562416
1179933,0.872773804
821642,0.450869666
3234126,0.376685756
497465,0.028360965
1740707,0.353650313
871426,0.559730796
6822400,0.940711717
384642,0.710958433
3896198,0.993766718
439289,0.470529118
401085,0.281460345
441773,0.387259635
1540128,0.105326459
2784512,0.664817631
938330,0.093034887
3674140,0.371025558
353324,0.015051239
469263,0.171010439
1245492,0.339215707
1114677,0.850366327
87289,0.473189145
964539,0.930426964
1131729,0.991621413
1179794,0.237204014
48992,0.49807195
368575,0.12568573
1638328,0.09454443
1213019,0.646116253
140883,0.06672158
5323662,0.982199466
77973,0.619573981
1466054,0.215187135
2323836,0.121376994
1099212,0.496299692
248808,0.257891945
1055366,0.246312603
1632547,0.870451444
1974419,0.184974681
439553,0.73161326
3248600,0.727810862
308055,0.892784183
108317,0.410134653
1639826,0.422638297
1130080,0.519785831
1517252,0.407802379
1850397,0.863974149
800022,0.631187696
2986512,0.27863789
374887,0.717631075
423977,0.596457057
2170593,0.798096924
56171,0.157160971
3832914,0.926331302
350934,0.359767536
475944,0.707832776
4624424,0.15264451
1781769,0.82510224
451279,0.560657202
459748,0.850650165
79043,0.814903675
2096673,0.727957196
476964,0.339232496
1835980,0.341503323
489237,0.890987799
498399,0.212329904
16914,0.439694931
89601,0.371865681
2854926,0.617555197
4975722,0.773156682
1591095,0.872979915
910847,0.215158989
453556,0.628705896
2465146,0.869546807
1859650,0.352046158
1013753,0.276751573
396269,0.538531098
3530002,0.80530222
418689,0.215987312
995036,0.217404386
1185416,0.236649269
5494396,0.897684303
870984,0.450129288
387892,0.60483337
120667,0.783953715
418279,0.436648109
901507,0.142571777
478724,0.369483525
830361,0.327402477
4633690,0.355468265
1392214,0.045069999
121766,0.633498726
981227,0.231355466
1176724,0.8487558
1024215,0.530242658
216434,0.12992528
6892388,0.525486528
478134,0.709695401
412915,0.11111493
1220634,0.73605502
2872732,0.988360417
2386404,0.451272189
2637276,0.638433166
5192124,0.061237398
1582507,0.81647095
459945,0.918351062
1606389,0.238634455
103962,0.73453694
431197,0.528001115
1980209,0.294842923
1598873,0.633022938
889583,0.968433013
28216,0.347242862
427392,0.438670417
2545118,0.404472628
2920540,0.543152964
3626804,0.486433908
1433108,0.191677501
494277,0.780736109
1372686,0.749037968
1666801,0.423829686
40338,0.193516549
90248,0.196206295
416508,0.074731079
449040,0.20841006
1024255,0.016986263
97550,0.533596454
2923316,0.198094588
412019,0.811547855
1386588,0.57295524
829150,0.323254007
1081935,0.104925484
3397884,0.670451604
2377322,0.966652061
1258197,0.601587393
1111833,0.45588682
829459,0.496446316
1563738,0.758288425
1590193,0.504593132
1091617,0.796125025
814255,0.675461635
465430,0.187298717
772181,0.477666282
188766,0.665153018
441909,0.843478374
432289,0.082632276
1189340,0.057381576
3977428,0.643949523
2379713,0.241373412
1632708,0.497257129
465502,0.171225784
2582802,0.775629862
2908446,0.070196315
96142,0.610273611
397078,0.524489581
462322,0.642067537
1210166,0.973562063
1031969,0.329193115
1784538,0.441363322
1245112,0.332871623
80263,0.397802153
758730,0.516693421
6644200,0.111207031
443543,0.497066153
1741273,0.651519228
202559,0.797026463
1032755,0.148680392
864835,0.36487794
3702996,0.287677441
473709,0.788395941
411272,0.700201269
1178663,0.248645469
3203290,0.037055706
4695012,0.726810717
1244666,0.943411785
355295,0.950938137
92216,0.383127497
1179034,0.858889405
1431045,0.220714526
809951,0.259441508
124770,0.915252809
2771372,0.20841289
2375574,0.485481578
4393514,0.802796806
1191111,0.388329448
1073510,0.440522067
479468,0.592091287
2080374,0.591501693
142242,0.049422155
1230385,0.202697675
66963,0.11159589
892791,0.827558063
2637294,0.335617893
383216,0.473343942
1596363,0.673163746
41190,0.6261742
475783,0.581857287
79453,0.9714703
2063781,0.425679127
475394,0.132267402
1658837,0.803112284
457430,0.329597852
4209802,0.161611095
2294677,0.24921572
119571,0.28933014
119310,0.224249697
978764,0.279768641
3835080,0.191685162
4925292,0.643495465
1194263,0.109861474
480239,0.722381712
499448,0.875885925
4312536,0.203224317
1341188,0.10349771
485976,0.321086217
2234003,0.38593802
428856,0.636864758
1798709,0.162965775
2473602,0.495949486
380268,0.664643253
1571249,0.275186432
87578,0.722933732
1486185,0.196652251
1631867,0.990992283
4034354,0.809658198
1817273,0.8157723
2027128,0.459482551
3185602,0.672356404
109965,0.68923416
1711525,0.382195873
5805470,0.217929359
1082886,0.297812584
1411704,0.643913836
102002,0.068777238
1242432,0.592111588
45708,0.531691613
1605782,0.25088505
1385956,0.348399106
803096,0.238368663
3011894,0.818499131
397313,0.083802355
450188,0.875872288
338216,0.550250444
469754,0.414529077
1805297,0.558566266
2125608,0.966912122
790724,0.098797863
367555,0.788255272
396752,0.685601026
1170358,0.530660886
2177771,0.409528118
36154,0.216335007
479997,0.331480744
3499048,0.920229808
974959,0.585217518
55913,0.866709941
251333,0.569835696
1615065,0.430162518
5836262,0.183139421
355702,0.994090793
848281,0.247365564
2494280,0.291325219
877057,0.628265265
2170439,0.132461015
927619,0.825754201
2517558,0.626767702
402022,0.8028774
4635282,0.052559105
419724,0.463958638
425112,0.73250961
369735,0.128436067
811080,0.160897965
3090634,0.012721248
780607,0.250683959
1935179,0.535438631
456470,0.344164481
1701991,0.303475451
1455151,0.297856914
1375666,0.004783365
58536,0.264652095
330702,0.70280648
2180411,0.449057201
2737050,0.617821744
1399103,0.884589709
430484,0.364533484
420251,0.052446288
385752,0.608541595
414078,0.892748552
1694021,0.770803655
3963816,0.305836228
837562,0.127159583
2975590,0.285983853
3716530,0.445385785
67789,0.7546235
1216492,0.219017071
387514,0.967006225
1343727,0.554071119
1013752,0.156240249
1800246,0.078514869
49607,0.947943805
443496,0.10589424
106827,0.958317468
319901,0.8405862
182015,0.974014234
2404233,0.136699251
118983,0.145631448
1396484,0.646348518
330829,0.642220734
1282036,0.174612132
388556,0.495099877
1007028,0.947781052
3381008,0.467329969
399102,0.351513719
3099498,0.587964048
1217613,0.972435865
1314228,0.766889513
1675434,0.362155728
420087,0.647477584
438205,0.932758259
3168230,0.81531369
1571222,0.510716859
4447518,0.863100306
2184339,0.742856785
1371150,0.59805701
1270761,0.95620633
1758692,0.196067891
184424,0.800752755
3097204,0.604483267
1692486,0.093428596
1204342,0.160004096
2170299,0.983322481
101726,0.109590293
1155056,0.06510478
4129180,0.193761727
4044364,0.96661442
41497,0.996582375
93820,0.621064886
960144,0.773762777
2366308,0.823831465
884328,0.215056882
348124,0.306155021
490048,0.021624587
1034032,0.78509703
432021,0.786669208
450232,0.819874336
2865120,0.974954938
1255953,0.194224315
448157,0.033916064
1499666,0.338210997
1860357,0.048204616
433362,0.381195523
1291580,0.093833282
1220888,0.741402008
120471,0.509131099
60161,0.979237739
113264,0.475861044
1322312,0.634407388
2043932,0.953361658
1464540,0.580841445
452039,0.175774927
3442006,0.965644223
778661,0.557537348
3270538,0.845361591
2040560,0.024096971
433412,0.952426074
1966566,0.44889374
479113,0.78499859
993779,0.773588348
2167202,0.094302891
1915581,0.753143775
1694020,0.391868055
1601913,0.567015009
4425200,0.849400613
874957,0.296824863
848537,0.77820783
1783732,0.156611008
395125,0.298901383
17271,0.321104673
2274570,0.51463515
758794,0.275297619
5052448,0.401092909
1116184,0.114611015
4255304,0.861238773
376136,0.889896429
897387,0.111019036
887883,0.027956241
1156466,0.445084928
3067038,0.446940416
1308729,0.671656216
489327,0.54227505
203612,0.225163627
814022,0.638690337
385586,0.136367969
3606756,0.397383284
1247692,0.696445946
2431286,0.908916671
2702724,0.556445545
4877122,0.965948726
1674771,0.962180591
1706598,0.685787617
762111,0.050845659
408985,0.230555992
756316,0.378031465
410297,0.593562147
405094,0.180076252
3699674,0.878892319
1114740,0.330727426
493464,0.097396922
1286537,0.810948551
464141,0.505796771
1911553,0.550521537
414982,0.431154326
1071358,0.564485889
4193394,0.488372429
3622332,0.639020528
89847,0.408703171
1152836,0.517782656
4972582,0.465113965
2119532,0.485714362
1204340,0.1461094
401711,0.501869558
7738550,0.693809188
134854,0.159931684
1075110,0.482919486
1016290,0.226241905
926063,0.770588289
446029,0.453705114
1454468,0.817956958
1183276,0.430074525
27664,0.577109802
1770734,0.339021645
60474,0.244584734
1210106,0.039726208
2692250,0.160098923
2788710,0.404043658
1186830,0.088013169
432291,0.918736887
6881890,0.600778362
422774,0.511738338
765429,0.078333122
403217,0.30707093
1439572,0.895857539
1316536,0.754149207
1181795,0.444114795
455967,0.160848758
1172994,0.136441504
1063669,0.56452375
1605630,0.094327646
918927,0.240985543
1670345,0.480446056
1787660,0.138819321
320661,0.46812049
1742683,0.285943597
832266,0.087693124
1285016,0.626104444
880502,0.219807202
1825157,0.140991628
5804038,0.727406268
800369,0.872164108
6263642,0.916611304
1706620,0.669458829
3788052,0.696735257
434124,0.422960027
1316037,0.726533878
2872462,0.411739352
269743,0.578059642
377981,0.846433724
74442,0.608793712
2667380,0.814808231
2718440,0.356469939
61549,0.548551428
889573,0.951677334
106104,0.146663441
468489,0.392592503
1608290,0.445981828
2304915,0.519308762
1661382,0.041460195
485985,0.229575961
4471456,0.838794549
481499,0.921941066
473705,0.139714734
490579,0.50734297
122227,0.013346229
26676,0.764460668
1068646,0.660077391
1295071,0.304858023
918940,0.847921126
465142,0.456669513
1142977,0.339577625
856008,0.935160933
450259,0.23673118
432232,0.006779958
1675192,0.511529362
1259772,0.704709814
2081437,0.717764843
7808620,0.855226693
455596,0.446224317
1343740,0.210448175
1396523,0.779951214
1753968,0.2849025
443295,0.330210862
2212008,0.392584078
2179136,0.135577365
3235888,0.891825238
365686,0.575588583
903624,0.168977321
86907,0.700294038
844479,0.76408798
2947832,0.258415958
279967,0.961571761
195753,0.314596955
5536736,0.700767552
438315,0.478228935
4144190,0.839535127
4366830,0.636718793
1134629,0.782118205
1212436,0.614220031
1618435,0.949575397
1616195,0.276911378
330373,0.199650307
85204,0.366285564
1462900,0.242931766
2910814,0.798389311
422401,0.462551231
312004,0.811064587
82726,0.051023075
1706593,0.436550525
4686844,0.773462727
413015,0.231265981
1500491,0.742351959
5480340,0.08348704
910970,0.597474051
929632,0.852015699
1753383,0.968347458
97702,0.609442501
91942,0.899247312
1802810,0.957778824
4555426,0.066353677
7924798,0.891218268
5640450,0.253485253
1645170,0.317992345
4052882,0.227261133
1032819,0.876047125
460829,0.217893761
66798,0.530639812
1239426,0.054407224
2103254,0.058115592
396184,0.39939053
3212232,0.95434661
1720616,0.513389401
1677720,0.128806358
483607,0.311439792
423505,0.966958915
109000,0.885557789
1610996,0.706959262
1465522,0.99257827
3164256,0.070713326
1172991,0.132907167
780571,0.194988844
401808,0.718023279
2334649,0.710017451
473308,0.494271937
1329665,0.730109968
383028,0.065969546
1385867,0.526974478
5362988,0.67716328
1599351,0.406613683
800308,0.294743294
2215489,0.703140931
452594,0.414881022
1614989,0.690364424
278736,0.044449193
5173032,0.36817351
482527,0.572823127
88263,0.309843154
832903,0.914817766
970416,0.685045069
1585985,0.009477672
1193138,0.598982635
865559,0.982138702
2503154,0.669426812
2708946,0.218728908
1231580,0.101959296
1528071,0.727614049
2704998,0.83975299
2955316,0.493941646
2428170,0.081236936
1825683,0.042908481
2118624,0.66072748
387898,0.746856491
3960412,0.580345061
78938,0.328491059
3748440,0.062986108
2724064,0.186142361
1132620,0.097548082
1213648,0.782708681
384369,0.125102645
2040264,0.336042393
1568921,0.164937051
2582426,0.743010128
413267,0.458437434
1703957,0.433098039
454876,0.98686257
5519340,0.554280678
2140379,0.102894898
1494772,0.652561448
1262416,0.503462615
1230414,0.015233193
1980929,0.345579047
1298554,0.861448939
473444,0.701578885
762073,0.443132951
995039,0.96805539
118692,0.511955988
1623288,0.647940561
1069238,0.627474772
944835,0.697341782
1619856,0.209775442
1128075,0.767610148
2654430,0.287178235
38823,0.605370577
142241,0.848013435
1924396,0.105215209
1617661,0.82685861
1183919,0.044830825
2145829,0.865628521
884732,0.983943961
1130988,0.410943621
460792,0.771952275
453453,0.123129548
1531901,0.282111067
472160,0.296429128
805570,0.109988667
2474024,0.024660881
993842,0.776502736
815236,0.80867837
102083,0.581039161
1724597,0.23304668
447987,0.831492576
437857,0.220516439
1667310,0.549246217
495034,0.575039128
878804,0.958534
452625,0.645324142
3043542,0.134745123
469021,0.407525169
432283,0.573750899
41842,0.994829679
5487524,0.087799965
448134,0.688023909
1878942,0.246705643
136535,0.818388903
3748528,0.646213897
3774694,0.207421545
424993,0.643522111
2273657,0.874220042
463027,0.350174641
1468846,0.692534306
947798,0.455226
1672723,0.383660582
873886,0.111956095
384680,0.606701551
4119278,0.320891143
1013607,0.087847109
805564,0.07633025
6769208,0.760149674
2543164,0.032541018
1078188,0.186768234
861739,0.762449303
2140619,0.669028519
433383,0.807487245
455362,0.696731226
493430,0.47423251
1194238,0.787808135
454945,0.676017832
391304,0.166055516
358273,0.002898124
475298,0.160831023
1568911,0.91424101
445922,0.260727965
63804,0.883430521
1622979,0.798497757
421239,0.677768715
165348,0.669958937
3510480,0.307997436
87650,0.327306789
408345,0.230845674
1333634,0.390415574
1077258,0.60747969
405325,0.738573607
2883512,0.562324789
452681,0.534454732
765432,0.219610426
1386932,0.72685389
1489167,0.433831019
2310332,0.073662222
825283,0.511957218
73099,0.681901509
2870648,0.050925417
1698647,0.838390961
1979172,0.109460454
1039647,0.521892195
1541149,0.751168729
3106868,0.062377863
962736,0.295710257
418773,0.66174015
1980162,0.559079515
758786,0.826504761
1211956,0.13540932
2309021,0.68850571
462244,0.474180715
910905,0.245913036
369436,0.584717145
1137996,0.167311414
4442130,0.133325926
971209,0.076912932
1844203,0.36886172
831888,0.196042253
436331,0.034061361
801526,0.67160572
1127896,0.766834251
1018765,0.972329483
3263904,0.005690974
430922,0.921817767
436613,0.426037077
1314655,0.344501942
5368354,0.6735471
411477,0.921036771
89839,0.654478588
959337,0.2275327
90334,0.796257073
1144884,0.381923533
296310,0.103925195
3043546,0.273444088
2779318,0.443618829
486946,0.413913263
970179,0.285741343
1798188,0.36497638
3183660,0.164778724
1683876,0.672801551
356910,0.939804237
879870,0.089178281
3470600,0.901541555
465602,0.4877002
1596346,0.667979062
1935859,0.238236671
454082,0.941715796
42665,0.664044121
963178,0.86015902
3532216,0.799310025
78937,0.951890922
1194612,0.988630002
945513,0.474139149
1714833,0.594298925
457275,0.433586977
385726,0.157438561
1772240,0.327257725
484562,0.565926565
1430607,0.502497445
1911644,0.013642235
65794,0.414560112
5783956,0.602910313
381971,0.871614854
1742650,0.129332194
367652,0.296716016
2166616,0.165811881
1436045,0.029954551
4935334,0.17308846
410400,0.018990347
3149640,0.583751645
810819,0.635551234
1979388,0.998188231
1656190,0.462762472
2179116,0.687398835
481536,0.13101305
114745,0.684792547
1423995,0.363428262
1560747,0.95710438
60330,0.416808971
5657846,0.588458732
1205537,0.028606802
187598,0.600603345
104905,0.548753795
1564367,0.700292432
404390,0.850618911
1790886,0.378790306
3958494,0.006115885
1117563,0.955996229
3705412,0.024090201
2263944,0.970974328
56111,0.260645035
2204315,0.103801997
1931533,0.76561598
1392190,0.75292338
838283,0.84713212
398913,0.091958766
1853643,0.180693849
449010,0.475453544
407304,0.863371669
4048272,0.894693847
1526300,0.440489242
4550098,0.556688357
1564585,0.127026625
32194,0.696458311
1186367,0.012653917
3731562,0.832451729
1645089,0.524950997
5358714,0.240475473
874952,0.443893028
395495,0.101619434
455590,0.005872433
480269,0.20959162
1181927,0.509881752
1587707,0.507765552
2450186,0.987712076
4034228,0.494887299
810913,0.752855729
63465,0.641038457
75468,0.357554983
1939659,0.530778967
2404435,0.786192675
169880,0.472528519
482463,0.323238036
381505,0.99663546
6335734,0.976073075
142234,0.602438014
91341,0.223919029
1905041,0.298288265
1277737,0.269680938
1843866,0.675862772
2392672,0.064900363
2357461,0.413656262
4084744,0.277457933
4257858,0.67316313
1598778,0.244866914
376921,0.699281211
896872,0.37049259
1981115,0.47319763
280453,0.051667198
790636,0.415704251
1408253,0.190848906
37193,0.508594865
434139,0.675035758
366780,0.318950951
913445,0.190192628
1483013,0.164892165
4758646,0.458411181
380249,0.883071482
5247022,0.697192974
61597,0.417055897
1219827,0.893194746
1620446,0.331966075
423294,0.236581304
60550,0.719605356
4154756,0.179437957
1403865,0.509068279
387877,0.877105057
1412528,0.779081743
1070753,0.47112017
780567,0.610164534
3845232,0.757233836
2396566,0.368186906
1483797,0.865377942
856288,0.010266983
3076658,0.601894863
444608,0.954134647
871427,0.932368584
2719848,0.028149984
7214762,0.266120121
1182921,0.333514062
1389137,0.308602886
1156398,0.039132168
842929,0.265171255
856797,0.617418383
363771,0.030001589
2092588,0.867878139
814075,0.312198212
312941,0.913452864
1174730,0.811555308
3128900,0.024619369
862467,0.090167651
4209788,0.794164415
469641,0.562806436
99595,0.795240529
264323,0.177207977
427312,0.310597368
4348012,0.538873661
479528,0.310837472
1068242,0.949674056
1368116,0.9414546
47834,0.157510324
1093357,0.399379079
1637725,0.320434623
450345,0.559219848
1226681,0.36790982
2091256,0.25818203
2417712,0.634382855
1355599,0.301664921
415306,0.759977037
386741,0.854323342
1179891,0.554884872
6438918,0.772230005
918511,0.732727942
454921,0.852673962
1416801,0.520374068
2488496,0.48180161
343737,0.701158741
470055,0.700818345
379357,0.774431304
1594562,0.650067853
415481,0.508980983
3560686,0.574683672
3720058,0.831489599
481797,0.396829988
490181,0.158262814
437777,0.396772357
1517260,0.925857799
4796122,0.0598163
1210819,0.490805927
483726,0.78299567
884762,0.184595212
2548208,0.61083151
2401878,0.15906792
1126591,0.653238032
452637,0.146835573
82727,0.467372705
80037,0.480054898
2024432,0.360958852
2205697,0.355691604
449086,0.447668941
219251,0.490691824
68519,0.927503313
1080016,0.499525
1840309,0.89877559
1547234,0.837637016
2494362,0.565964585
365907,0.256041568
1411697,0.364580455
1332128,0.743534275
1600196,0.16684545
1748207,0.916197581
2321549,0.285659864
1535438,0.855822332
2125435,0.489424008
905372,0.435121243
460989,0.895643237
3813310,0.67437039
1327773,0.316757277
39211,0.972273567
1524930,0.767652463
3504048,0.24899471
1535109,0.62191962
402894,0.725506414
1192628,0.792615839
5104604,0.21164166
432402,0.504609343
1034303,0.469664277
426627,0.531553263
126388,0.165840614
75703,0.246729153
360717,0.159044358
477095,0.417627672
2415458,0.286555469
5140878,0.933615855
387808,0.495096048
383393,0.738053275
1542768,0.212274082
2245084,0.057157699
425637,0.292687469
173886,0.266096614
485323,0.507116947
1806234,0.54966833
121164,0.871658907
1286130,0.574508002
465494,0.518562155
4158096,0.24600865
397065,0.646188304
1296373,0.721471166
2948790,0.205626217
1446192,0.043077705
2884206,0.354557884
1178665,0.676426212
101893,0.775625297
3606752,0.019764798
906665,0.020899582
425123,0.240044229
831887,0.308402274
1535970,0.52130035
92046,0.824014248
495241,0.946445777
455782,0.846733127
427152,0.633171307
770828,0.80590526
2404311,0.679381405
1536537,0.294852884
5544384,0.239229116
181947,0.133233494
1430612,0.617580707
1277953,0.75279625
1326972,0.871977964
3488710,0.465208888
1510938,0.631034212
427470,0.909409099
460780,0.807688708
1166827,0.936710728
1135985,0.437826616
435670,0.653750836
455960,0.745601165
270560,0.823111869
367882,0.522064363
765476,0.920440721
462246,0.273350014
89913,0.661938673
3762912,0.795560744
1033467,0.943318725
70653,0.93742658
1137450,0.064836929
2870756,0.707724079
430651,0.264496877
2446042,0.880666046
1486192,0.853204086
5521550,0.606643425
3063516,0.004232451
2140423,0.229982656
1602472,0.748940198
1935902,0.574264246
1131734,0.838159302
5726086,0.008491906
57286,0.405057644
453562,0.37984993
3345472,0.202509853
1024715,0.27864345
486551,0.310978138
1530983,0.847657619
1411238,0.818475414
2243469,0.276134885
143808,0.623804672
354899,0.811964407
463854,0.304724651
2033193,0.398334806
1790809,0.060484052
1172049,0.122127846
4991652,0.991947631
7620650,0.115745263
1646980,0.688079356
128996,0.347817937
6294822,0.32193031
1743724,0.910853105
1216496,0.834564974
1583323,0.543562825
1540011,0.929248559
362225,0.41024952
1073498,0.142146807
429493,0.886905643
4935372,0.105161299
1366312,0.131089624
3045616,0.076386795
6184894,0.51718075
492784,0.583217009
119872,0.494709768
816711,0.363989963
441796,0.463024361
2172934,0.379546104
371552,0.229161854
2409302,0.356096179
1924394,0.366449544
424345,0.681589985
70439,0.673096713
382868,0.679759139
760329,0.891698392
393597,0.754530171
1234548,0.394024926
1343097,0.564756435
240200,0.90719797
1401113,0.574601861
3471098,0.420774376
3177316,0.499542007
1798243,0.771182491
374536,0.353392174
2636124,0.770877752
450336,0.942363961
892769,0.096577178
7681902,0.71940682
4960934,0.477754336
780536,0.073300573
978762,0.715785813
2274356,0.776434546
1038686,0.743973995
477302,0.392264887
2267998,0.255445984
1148204,0.898855671
1488555,0.781842181
1440345,0.230488442
1337072,0.956791361
356680,0.723840666
3949660,0.663477589
1276104,0.76780556
1245104,0.613443627
1866249,0.868523791
416496,0.546929552
455538,0.841898606
80149,0.258499699
800080,0.495480033
2364841,0.198592887
2402619,0.357628518
2017486,0.499103049
2304933,0.238081235
1570728,0.517623358
2591814,0.738335789
1863347,0.081883519
3062096,0.004847439
1054486,0.290695773
375679,0.183741588
2246779,0.136147282
2325002,0.218484423
105251,0.349552369
142251,0.924038041
465203,0.560579982
2326554,0.500424715
1292569,0.118432136
1248971,0.259402374
1421378,0.773118772
1320082,0.935824578
3531824,0.674192402
3480796,0.016417582
2057392,0.376915376
1467273,0.398905712
1559547,0.786706437
2109248,0.173253768
477078,0.207925188
1286785,0.301999047
4600952,0.403108857
3895884,0.816767594
1243957,0.280797396
6333060,0.627725041
1790864,0.542686411
1054606,0.551310204
1125254,0.274517405
1951264,0.151678029
433116,0.534495062
97081,0.662340837
1149361,0.599689762
365830,0.797123658
2555736,0.854947617
3718778,0.163223563
1381512,0.374660916
4368814,0.514988679
1424797,0.371499764
2381249,0.993826466
2396589,0.480917189
1334585,0.757164797
56912,0.302976082
1629242,0.992636204
844330,0.083729985
5069564,0.289504328
2490326,0.477854651
7807952,0.744621275
95583,0.473337493
402901,0.878783469
1094594,0.431117233
383060,0.192332404
238414,0.632891937
407384,0.968364953
1262981,0.77107592
960731,0.353590488
7158814,0.870507121
914798,0.931938303
983193,0.917113464
1279935,0.830491389
424136,0.659962661
115714,0.889568874
455135,0.431824387
6987652,0.881639638
425055,0.171903341
106233,0.991400152
2053423,0.006752377
430105,0.830517325
338095,0.565943168
442933,0.997160935
1117385,0.580973011
2626338,0.293289005
516,0.002970342
1041829,0.499409733
55805,0.221551613
952640,0.735760408
327084,0.617946482
396042,0.852997092
1820723,0.772072654
450278,0.708033404
804461,0.890128712
1216491,0.207910488
364955,0.272783777
1622547,0.538850962
1699114,0.381012988
365651,0.83216587
1782451,0.673003787
790628,0.392645449
448694,0.612213147
1157605,0.37758085
93146,0.796457525
831387,0.100959277
480255,0.590700304
113636,0.736680392
1735898,0.371553387
2153963,0.993499383
384814,0.890305315
384488,0.263528191
991178,0.444551181
1035736,0.590063823
5491994,0.613055641
1067733,0.601289508
1545106,0.00157923
1014759,0.64458755
421054,0.014392485
2561546,0.059893564
1464174,0.661877043
431308,0.903477025
416044,0.821848729
3317234,0.937350184
493949,0.129328005
1045658,0.600995389
840361,0.894624688
114182,0.073656748
31060,0.803293676
45081,0.672174002
1340800,0.938840787
1763303,0.745995748
1978532,0.572843099
1716772,0.986640091
1104083,0.400807997
383574,0.964736901
822847,0.688397873
810784,0.937858261
1401152,0.561048956
926084,0.15073333
7361,0.460540109
1152398,0.99708357
1638002,0.322051116
988047,0.047714896
454931,0.172806644
768212,0.510198131
366548,0.741118616
416716,0.354277815
3593046,0.23094155
209074,0.961188771
1127205,0.673678635
2301592,0.878795098
2465238,0.889859936
435651,0.94594824
5022702,0.088665783
1182350,0.844600553
3819668,0.087406881
2404425,0.109523814
188504,0.706200825
914863,0.10686912
482546,0.061434276
2073520,0.534571415
2316411,0.10866272
891527,0.309294968
5943936,0.744613049
858479,0.935921953
229922,0.06066115
5914996,0.355913253
1083452,0.061849818
348333,0.455086963
400497,0.960500572
133385,0.808779434
1655461,0.780492682
465997,0.975526979
424880,0.25634477
1776196,0.041509382
813547,0.261943448
436724,0.729027674
1499658,0.417753897
1247704,0.596258223
6156350,0.819514624
1355630,0.689533449
5111874,0.112276894
79315,0.310689908
477071,0.425606671
1985019,0.22935149
62457,0.41246589
408306,0.569892371
3322940,0.686716635
2761578,0.309926714
410764,0.143533874
121731,0.455493213
2295196,0.149748296
2109184,0.721571387
1555149,0.459824947
395251,0.027984001
4651520,0.094398799
457513,0.73177554
1560139,0.617924984
1172571,0.931108956
1978524,0.437525637
2948356,0.202648231
1999192,0.172839863
3715854,0.141482062
1398426,0.359535833
1092026,0.555057907
1343092,0.111559611
5189670,0.264695173
3007302,0.716537178
484439,0.244760764
382628,0.062404985
443274,0.242281853
384286,0.249634796
2017561,0.282145223
2479478,0.263008259
3606888,0.491988106
417225,0.854792919
1691448,0.087966819
882977,0.279177432
953318,0.338431788
101545,0.224858652
419946,0.479069053
64146,0.294343202
462396,0.709588488
810900,0.284477701
70904,0.225755846
1899353,0.320469178
1389096,0.337400411
4437216,0.171518519
499603,0.576732464
1985949,0.181029328
929425,0.547346992
1438176,0.160538649
985699,0.682654493
2504640,0.510297938
403508,0.287514972
68972,0.993114642
1434447,0.146402969
385700,0.683578957
427954,0.564500581
1532503,0.17852128
78588,0.194271837
91093,0.01757097
780653,0.834862896
3395184,0.566617427
1682181,0.914253206
3221698,0.326612733
685628,0.734815572
3460252,0.869031392
2028530,0.323704022
2515034,0.121167335
2820852,0.031225492
2387433,0.891660063
3469046,0.386106401
1010048,0.004611836
1049413,0.58747846
329774,0.353407631
2112281,0.4918512
494238,0.883753439
3778644,0.015595783
2967286,0.085691232
926129,0.009466908
4094724,0.9664057
3205376,0.669349701
1369845,0.994085286
756683,0.160856943
865556,0.545845886
1051904,0.823944201
83100,0.191068152
1742336,0.263068135
1637706,0.66690271
1278469,0.512285008
2294449,0.419959723
425210,0.10902809
2125666,0.339136331
1838544,0.160079907
142237,0.258475778
1259014,0.951699846
1591479,0.306412032
79679,0.359625186
1260502,0.388712935
1220719,0.781921504
1120985,0.312278802
1409024,0.964163975
1486834,0.807004551
91364,0.303560262
102802,0.600207862
3874544,0.973253803
